{
  "Logistic Regression": {
    "confusion_matrix": [
      [
        1,
        5,
        0,
        0
      ],
      [
        1,
        10,
        0,
        0
      ],
      [
        0,
        0,
        17,
        1
      ],
      [
        0,
        0,
        5,
        4
      ]
    ],
    "classification_report": {
      "low": {
        "precision": 0.5,
        "recall": 0.16666666666666666,
        "f1-score": 0.25,
        "support": 6.0
      },
      "medium": {
        "precision": 0.6666666666666666,
        "recall": 0.9090909090909091,
        "f1-score": 0.7692307692307693,
        "support": 11.0
      },
      "high": {
        "precision": 0.7727272727272727,
        "recall": 0.9444444444444444,
        "f1-score": 0.85,
        "support": 18.0
      },
      "critical": {
        "precision": 0.8,
        "recall": 0.4444444444444444,
        "f1-score": 0.5714285714285714,
        "support": 9.0
      },
      "accuracy": 0.7272727272727273,
      "macro avg": {
        "precision": 0.6848484848484848,
        "recall": 0.6161616161616161,
        "f1-score": 0.6101648351648352,
        "support": 44.0
      },
      "weighted avg": {
        "precision": 0.7146005509641873,
        "recall": 0.7272727272727273,
        "f1-score": 0.6910089910089909,
        "support": 44.0
      }
    },
    "labels": [
      "low",
      "medium",
      "high",
      "critical"
    ]
  },
  "Random Forest": {
    "confusion_matrix": [
      [
        1,
        4,
        1,
        0
      ],
      [
        0,
        10,
        1,
        0
      ],
      [
        0,
        2,
        14,
        2
      ],
      [
        0,
        0,
        6,
        3
      ]
    ],
    "classification_report": {
      "low": {
        "precision": 1.0,
        "recall": 0.16666666666666666,
        "f1-score": 0.2857142857142857,
        "support": 6.0
      },
      "medium": {
        "precision": 0.625,
        "recall": 0.9090909090909091,
        "f1-score": 0.7407407407407407,
        "support": 11.0
      },
      "high": {
        "precision": 0.6363636363636364,
        "recall": 0.7777777777777778,
        "f1-score": 0.7,
        "support": 18.0
      },
      "critical": {
        "precision": 0.6,
        "recall": 0.3333333333333333,
        "f1-score": 0.42857142857142855,
        "support": 9.0
      },
      "accuracy": 0.6363636363636364,
      "macro avg": {
        "precision": 0.7153409090909091,
        "recall": 0.5467171717171717,
        "f1-score": 0.5387566137566138,
        "support": 44.0
      },
      "weighted avg": {
        "precision": 0.6756714876033058,
        "recall": 0.6363636363636364,
        "f1-score": 0.5981721981721981,
        "support": 44.0
      }
    },
    "labels": [
      "low",
      "medium",
      "high",
      "critical"
    ]
  }
}