{
  "regression": {
    "features": [
      "women_secondary_plus_pct",
      "women_literate_pct",
      "improved_water_pct",
      "improved_sanitation_pct",
      "antenatal_4plus_pct",
      "antenatal_skilled_pct",
      "skilled_birth_attendance_pct",
      "health_facility_delivery_pct",
      "health_insurance_any_pct",
      "malaria_prevalence_pct",
      "child_anemia_pct",
      "wasting_pct",
      "underweight_pct",
      "fertility_rate",
      "wash_composite",
      "maternal_health_score",
      "education_score",
      "disease_burden"
    ],
    "scaler_mean": [
      34.20261363636364,
      74.48329545454546,
      57.82840909090909,
      35.13943181818181,
      60.81772727272727,
      87.2258712121212,
      70.88712121212122,
      68.43848484848483,
      1.7047727272727269,
      26.93431818181819,
      62.3740909090909,
      5.922159090909091,
      14.036363636363637,
      5.2479545454545455,
      46.48392045454546,
      50.227272727272734,
      54.34295454545456,
      44.65420454545454
    ],
    "scaler_scale": [
      17.66134748181606,
      12.99633566989268,
      17.1964868165752,
      22.33496479778015,
      13.329322342204328,
      11.32638934154402,
      18.600551377198816,
      18.694470752590654,
      1.1330845644369572,
      5.09162788655298,
      6.551435414604615,
      3.3023924519215253,
      7.868737507292876,
      0.8423562179588183,
      19.28321726296517,
      28.11197338175163,
      13.114951188614924,
      4.756400226773612
    ],
    "coef": [
      -1.4188559659628155,
      1.5954684561414818,
      -3.3030720494120396,
      2.3902670304981157,
      1.0640623707264592,
      2.759467018504605,
      -17.56569900409303,
      13.65353068433752,
      -1.244222004991665,
      0.9282272643376043,
      -0.18067989950922486,
      -5.687393961099306,
      10.55370600093153,
      -0.5277798653015318,
      -0.08854085192002244,
      -0.9765830771014482,
      -0.1648372370051493,
      0.3723903543554289
    ],
    "intercept": 31.797386363636345,
    "target_min": 3.9,
    "target_max": 53.7
  },
  "classification": {
    "features": [
      "women_secondary_plus_pct",
      "women_literate_pct",
      "improved_water_pct",
      "improved_sanitation_pct",
      "antenatal_4plus_pct",
      "antenatal_skilled_pct",
      "skilled_birth_attendance_pct",
      "health_facility_delivery_pct",
      "health_insurance_any_pct",
      "malaria_prevalence_pct",
      "child_anemia_pct",
      "wasting_pct",
      "underweight_pct",
      "fertility_rate",
      "wash_composite",
      "maternal_health_score",
      "education_score",
      "disease_burden"
    ],
    "scaler_mean": [
      34.20261363636364,
      74.48329545454546,
      57.82840909090909,
      35.13943181818181,
      60.81772727272727,
      87.2258712121212,
      70.88712121212122,
      68.43848484848483,
      1.7047727272727269,
      26.93431818181819,
      62.3740909090909,
      5.922159090909091,
      14.036363636363637,
      5.2479545454545455,
      46.48392045454546,
      50.227272727272734,
      54.34295454545456,
      44.65420454545454
    ],
    "scaler_scale": [
      17.66134748181606,
      12.99633566989268,
      17.1964868165752,
      22.33496479778015,
      13.329322342204328,
      11.32638934154402,
      18.600551377198816,
      18.694470752590654,
      1.1330845644369572,
      5.09162788655298,
      6.551435414604615,
      3.3023924519215253,
      7.868737507292876,
      0.8423562179588183,
      19.28321726296517,
      28.11197338175163,
      13.114951188614924,
      4.756400226773612
    ],
    "classes": [
      "critical",
      "high",
      "low",
      "medium"
    ],
    "coef": [
      [
        0.0355594670520245,
        -0.4615740577170089,
        -0.4724954130036731,
        0.21963619491175684,
        0.3489050573299027,
        0.23613660801012107,
        -0.5135994630348325,
        -0.3603640064194565,
        0.47039524298913327,
        0.4931266573557709,
        -0.04958598159936872,
        -0.7577244972223789,
        2.959506194452913,
        0.7676965348801056,
        -0.0834843692064065,
        -0.03642889632501151,
        -0.20475651069875886,
        0.22979122656380013
      ],
      [
        -0.04897929706488267,
        -0.1409618422070848,
        -0.7381345782541068,
        0.6019699175312556,
        0.47178478453073014,
        -0.5093386254040552,
        -0.4081702954920263,
        -0.34402755656613443,
        -0.6327185191579783,
        0.2515763343657131,
        -0.3056376751888547,
        -0.6617897204446439,
        0.6821145961076239,
        0.010952744530576018,
        0.01948988499501466,
        0.06438849587972252,
        -0.10282263975137627,
        -0.07583806820498058
      ],
      [
        -0.061240540650454645,
        0.7713708530776422,
        0.7097817431691364,
        -0.7454365669358923,
        0.35521969594436753,
        0.26765063119045945,
        0.5065299466615822,
        0.4101745555570986,
        0.6962329803928334,
        -0.48569426870840937,
        0.4892244755089566,
        1.1767078505294437,
        -2.3741324982357677,
        -0.19841375390639104,
        -0.11521799064546029,
        -0.12100523887997704,
        0.3409621559221032,
        0.07696451483674982
      ],
      [
        0.07466037066331102,
        -0.16883495315355088,
        0.5008482480886429,
        -0.07616954550712052,
        -1.1759095378049964,
        0.005551386203475359,
        0.41523981186527653,
        0.2942170074284913,
        -0.5339097042239869,
        -0.25900872301307526,
        -0.13400081872073255,
        0.24280636713757925,
        -1.2674882923247646,
        -0.5802355255042893,
        0.17921247485685082,
        0.09304563932526763,
        -0.03338300547196735,
        -0.23091767319557016
      ]
    ],
    "intercept": [
      -0.5189652369423797,
      1.793519831631219,
      -1.9170587146403455,
      0.6425041199515036
    ]
  },
  "clustering": {
    "features": [
      "women_secondary_plus_pct",
      "women_literate_pct",
      "improved_water_pct",
      "improved_sanitation_pct",
      "antenatal_4plus_pct",
      "antenatal_skilled_pct",
      "skilled_birth_attendance_pct",
      "health_facility_delivery_pct",
      "health_insurance_any_pct",
      "malaria_prevalence_pct",
      "child_anemia_pct",
      "wasting_pct",
      "underweight_pct",
      "fertility_rate",
      "wash_composite",
      "maternal_health_score",
      "education_score",
      "disease_burden"
    ],
    "scaler_mean": [
      6.945,
      69.765,
      74.78999999999999,
      56.472500000000004,
      66.09916666666666,
      88.30083333333333,
      74.23333333333335,
      72.17666666666666,
      2.205000000000001,
      22.990000000000002,
      55.425,
      3.6800000000000006,
      9.452499999999999,
      4.8025,
      65.63125,
      55.0,
      38.355000000000004,
      39.207499999999996
    ],
    "scaler_scale": [
      5.067479649687801,
      24.35386827590229,
      11.915201425070412,
      16.644167334234535,
      16.54879336403581,
      10.17483991820565,
      22.254337592178896,
      23.04061655232149,
      1.2049273837040946,
      9.804228679503554,
      6.666005175515543,
      3.1336240999839147,
      7.340439785871143,
      0.7882298205472816,
      13.719508521171594,
      27.938424357067017,
      14.26933688017772,
      7.737134886377515
    ],