{
  "Logistic Regression": {
    "confusion_matrix": [
      [
        28,
        3,
        2,
        0
      ],
      [
        5,
        33,
        7,
        0
      ],
      [
        0,
        9,
        44,
        8
      ],
      [
        0,
        0,
        8,
        61
      ]
    ],
    "classification_report": {
      "low": {
        "precision": 0.8484848484848485,
        "recall": 0.8484848484848485,
        "f1-score": 0.8484848484848485,
        "support": 33.0
      },
      "medium": {
        "precision": 0.7333333333333333,
        "recall": 0.7333333333333333,
        "f1-score": 0.7333333333333333,
        "support": 45.0
      },
      "high": {
        "precision": 0.7213114754098361,
        "recall": 0.7213114754098361,
        "f1-score": 0.7213114754098361,
        "support": 61.0
      },
      "critical": {
        "precision": 0.8840579710144928,
        "recall": 0.8840579710144928,
        "f1-score": 0.8840579710144928,
        "support": 69.0
      },
      "accuracy": 0.7980769230769231,
      "macro avg": {
        "precision": 0.7967969070606277,
        "recall": 0.7967969070606277,
        "f1-score": 0.7967969070606277,
        "support": 208.0
      },
      "weighted avg": {
        "precision": 0.7980769230769231,
        "recall": 0.7980769230769231,
        "f1-score": 0.7980769230769231,
        "support": 208.0
      }
    },
    "labels": [
      "low",
      "medium",
      "high",
      "critical"
    ]
  },
  "Random Forest": {
    "confusion_matrix": [
      [
        26,
        4,
        1,
        2
      ],
      [
        3,
        34,
        6,
        2
      ],
      [
        0,
        10,
        46,
        5
      ],
      [
        0,
        0,
        8,
        61
      ]
    ],
    "classification_report": {
      "low": {
        "precision": 0.896551724137931,
        "recall": 0.7878787878787878,
        "f1-score": 0.8387096774193549,
        "support": 33.0
      },
      "medium": {
        "precision": 0.7083333333333334,
        "recall": 0.7555555555555555,
        "f1-score": 0.7311827956989247,
        "support": 45.0
      },
      "high": {
        "precision": 0.7540983606557377,
        "recall": 0.7540983606557377,
        "f1-score": 0.7540983606557377,
        "support": 61.0
      },
      "critical": {
        "precision": 0.8714285714285714,
        "recall": 0.8840579710144928,
        "f1-score": 0.8776978417266187,
        "support": 69.0
      },
      "accuracy": 0.8028846153846154,
      "macro avg": {
        "precision": 0.8076029973888934,
        "recall": 0.7953976687761434,
        "f1-score": 0.8004221688751589,
        "support": 208.0
      },
      "weighted avg": {
        "precision": 0.8057200881015536,
        "recall": 0.8028846153846154,
        "f1-score": 0.8035663280789761,
        "support": 208.0
      }
    },
    "labels": [
      "low",
      "medium",
      "high",
      "critical"
    ]
  }
}