rank,region,subregion,year,predicted_stunting
1,North,North,2018,40.79162499999991
2,Far North,Far North,2018,39.39849999999987
3,Adamawa,Adamawa,2018,39.27299999999989
4,East,East,2018,34.34725000000006
5,South,South,2018,27.263562500000013
6,Northwest,Northwest,2018,23.737812500000004
7,West,West,2018,21.49381250000001
8,Centre,Centre,2018,21.010250000000013
9,Southwest,Southwest,2018,20.908624999999994
10,Littoral,Littoral,2018,18.097312500000008
