{
  "regression": {
    "features": [
      "women_secondary_plus_pct",
      "women_literate_pct",
      "improved_water_pct",
      "improved_sanitation_pct",
      "antenatal_4plus_pct",
      "antenatal_skilled_pct",
      "skilled_birth_attendance_pct",
      "health_facility_delivery_pct",
      "health_insurance_any_pct",
      "malaria_prevalence_pct",
      "child_anemia_pct",
      "wasting_pct",
      "underweight_pct",
      "fertility_rate",
      "wash_composite",
      "maternal_health_score",
      "education_score",
      "disease_burden"
    ],
    "scaler_mean": [
      39.24670673076923,
      76.70415865384614,
      56.434471153846154,
      34.839110576923076,
      44.52971153846154,
      90.4907291666667,
      44.93785256410256,
      72.27160256410254,
      1.8324903846153848,
      29.019663461538464,
      57.12711538461538,
      5.3921875,
      13.17980769230769,
      5.862721153846153,
      45.63679086538461,
      50.04807692307692,
      57.975432692307706,
      43.07338942307692
    ],
    "scaler_scale": [
      8.532871146086991,
      6.087128316628309,
      18.557324303283725,
      21.83379965792019,
      26.320592891241844,
      5.4769942792834065,
      32.36442232257827,
      8.824461154050846,
      2.473280657637949,
      9.835706408785226,
      9.339063963666574,
      1.5434865154893957,
      3.646186556571872,
      1.3627329367341963,
      19.86510904424328,
      21.332937508662702,
      6.318632859013738,
      8.974960650614598
    ],
    "coef": [
      -0.8409681269410944,
      0.5250685318564842,
      -3.718985425426574,
      2.458244129092203,
      -3.3281075281474584,
      -0.3821543808381968,
      0.631118622236802,
      2.0234642283388897,
      -1.2433623007194434,
      1.7754383464039012,
      0.5543846728206874,
      -2.3044120160664443,
      4.448666398901701,
      1.5650482776288102,
      -0.3861445904928099,
      -2.280841804619965,
      -0.31491884601612596,
      1.2612937885430293
    ],
    "intercept": 34.38915865384613,
    "target_min": 3.0,
    "target_max": 63.6
  },
  "classification": {
    "features": [
      "women_secondary_plus_pct",
      "women_literate_pct",
      "improved_water_pct",
      "improved_sanitation_pct",
      "antenatal_4plus_pct",
      "antenatal_skilled_pct",
      "skilled_birth_attendance_pct",
      "health_facility_delivery_pct",
      "health_insurance_any_pct",
      "malaria_prevalence_pct",
      "child_anemia_pct",
      "wasting_pct",
      "underweight_pct",
      "fertility_rate",
      "wash_composite",
      "maternal_health_score",
      "education_score",
      "disease_burden"
    ],
    "scaler_mean": [
      39.24670673076923,
      76.70415865384614,
      56.434471153846154,
      34.839110576923076,
      44.52971153846154,
      90.4907291666667,
      44.93785256410256,
      72.27160256410254,
      1.8324903846153848,
      29.019663461538464,
      57.12711538461538,
      5.3921875,
      13.17980769230769,
      5.862721153846153,
      45.63679086538461,
      50.04807692307692,
      57.975432692307706,
      43.07338942307692
    ],
    "scaler_scale": [
      8.532871146086991,
      6.087128316628309,
      18.557324303283725,
      21.83379965792019,
      26.320592891241844,
      5.4769942792834065,
      32.36442232257827,
      8.824461154050846,
      2.473280657637949,
      9.835706408785226,
      9.339063963666574,
      1.5434865154893957,
      3.646186556571872,
      1.3627329367341963,
      19.86510904424328,
      21.332937508662702,
      6.318632859013738,
      8.974960650614598
    ],
    "classes": [
      "critical",
      "high",
      "low",
      "medium"
    ],
    "coef": [
      [
        -0.3335166639692172,
        0.09921781180051122,
        -1.4666584294803489,
        0.52812267697267,
        -1.2954065694684604,
        0.6008003931571754,
        -0.7630954856549637,
        0.7838897606590854,
        -0.5004620245715842,
        0.9295205379740865,
        0.41443532755277257,
        -0.7740086483665658,
        2.6961111486004006,
        1.6042568914894297,
        -0.3948211751380141,
        -1.1701868264620583,
        -0.1774041329050447,
        0.7249574483859497
      ],
      [
        -0.19200986565412548,
        0.16760497180273803,
        -0.337338402033514,
        0.0790778681289445,
        0.014694842534810005,
        -0.017212098454027346,
        -0.7820676609074723,
        0.1040778092090369,
        -1.0959794985039688,
        0.7773193233686537,
        -0.0837557111578035,
        -0.3148037315480818,
        0.1637597496213926,
        -0.04744354774463939,
        -0.11410780042252776,
        -0.004080386586847305,
        -0.04891584036680888,
        0.3823573703487213
      ],
      [
        0.3713585615330531,
        -0.24556649452419055,
        1.2114433766091672,
        -0.49742077051219513,
        1.5140303082292215,
        -0.5139399296259347,
        1.4528740768793842,
        -0.7774028462041277,
        1.0714894667310169,
        -1.40567328186463,
        0.06474861037303502,
        0.8169247950832572,
        -1.8131241961947135,
        -0.8566543619112855,
        0.29248674497252075,
        0.7823834724265426,
        0.13246219787374539,
        -0.7365546662511797
      ],
      [
        0.15416796809028818,
        -0.021256289079058657,
        0.5925534549046947,
        -0.10977977458942291,
        -0.23331858129557592,
        -0.06964836507721194,
        0.09228906968305375,
        -0.11056472366399499,
        0.5249520563445343,
        -0.30116657947811,
        -0.3954282267680034,
        0.27188758483139147,
        -1.046746702027072,
        -0.7001589818335059,
        0.21644223058801923,
        0.3918837406223632,
        0.09385777539810884,
        -0.37076015248348904
      ]
    ],
    "intercept": [
      0.010130335253633918,
      2.833598697634874,
      -4.181815127346001,
      1.3380860944574782
    ]
  },
  "clustering": {
    "features": [
      "women_secondary_plus_pct",
      "women_literate_pct",
      "improved_water_pct",
      "improved_sanitation_pct",
      "antenatal_4plus_pct",
      "antenatal_skilled_pct",
      "skilled_birth_attendance_pct",
      "health_facility_delivery_pct",
      "health_insurance_any_pct",
      "malaria_prevalence_pct",
      "child_anemia_pct",
      "wasting_pct",
      "underweight_pct",
      "fertility_rate",
      "wash_composite",
      "maternal_health_score",
      "education_score",
      "disease_burden"
    ],
    "scaler_mean": [
      6.945,
      69.765,
      74.78999999999999,
      56.472500000000004,
      66.09916666666666,
      88.30083333333333,
      74.23333333333335,
      72.17666666666666,
      2.205000000000001,
      22.990000000000002,
      55.425,
      3.6800000000000006,
      9.452499999999999,
      4.8025,
      65.63125,
      55.0,
      38.355000000000004,
      39.207499999999996
    ],
    "scaler_scale": [
      5.067479649687801,
      24.35386827590229,
      11.915201425070412,
      16.644167334234535,
      16.54879336403581,
      10.17483991820565,
      22.254337592178896,
      23.04061655232149,
      1.2049273837040946,
      9.804228679503554,
      6.666005175515543,
      3.1336240999839147,
      7.340439785871143,
      0.7882298205472816,
      13.719508521171594,
      27.938424357067017,
      14.26933688017772,
      7.737134886377515
    ],